country,year,happy,trust,authority,petition,god,homosex,abortion,proud,postmat,autonomy
ARG,1995,-0.1977806785631953,-0.3051273400681301,0.3424769065994179,0.200027455527818,0.3201019044991754,0.0970179869278417,-0.1537401884394366,0.1150223368295712,0.9208373763429288,-0.19122810803073
ARG,2012,0.1945623316227873,-0.4238000077790111,0.123025496715117,-0.1983546760479251,0.0317933161891379,0.9698701334114784,0.1247638971639895,-0.034763184391355,0.252298196697108,-0.0372026536657251
ARG,2020,0.2381821413846425,-0.4025745951649885,0.3924728563772698,-0.0852605452980226,0.0173932976062709,0.9212767467094688,0.0078807357822751,0.2185451696329539,-0.4408503205296283,-0.3142704985354628
ARM,1995,-2.59430871692278,-0.1577054757524363,0.3558868877718532,-0.1110925961453496,-0.2828874016672264,-0.8459677527252534,0.8296690140023433,-0.6728152986572833,-0.9490282338211662,0.7411472331702821
ARM,2012,-0.1442062040307679,-0.817647138231377,-0.0141920493102931,-1.04739350953369,0.5178476458240957,-1.3179783595512955,-0.716849514271535,0.8507186008883956,-1.2375156494423285,-0.3312122941926065
ARM,2020,1.0501966881657034,-0.9589221437683252,0.7841174291290287,-0.6571305892173628,0.8572129041977209,-1.1804790153439662,-0.6821442170758393,1.145840297552541,-1.0096815151628864,-0.3533198057842962
AUS,1995,0.7780720273437346,1.0801960545974847,0.3803764879453567,2.04918332335147,-0.7848764360249842,0.7470999772968856,1.3552130657841897,0.7837564679048977,2.0150156372354933,0.5926843956402041
AUS,2012,0.5735110379094804,1.5753544894237916,0.2998296349081009,1.906450323721708,-1.2075592134914972,1.6891627291381832,1.820261846410024,0.7227786285852458,-0.8479263872942471,1.1006843215274356
AUS,2020,0.0250726398169066,1.4651789224259115,0.0760830435113725,2.011918787624692,-1.479640701773171,1.9010971017098737,2.3561361114768595,0.165719265704103,1.3330669157144144,0.8779229558120185
BRA,1995,-0.3656725526058041,-1.0763299935247357,0.8094997136873803,1.1331716715510394,1.0553630805714926,-0.2135524573076546,-0.7578764068459931,-0.211734235897556,-0.1552837442142039,-1.167953931337085
BRA,2012,0.6386753604178996,-0.9833056022491988,0.7031329829702998,0.9177293312880738,1.071478130581962,0.4592883913699295,-0.8401719498688245,-1.0586682932935705,0.045952945123127,-0.9355889723840972
BRA,2020,0.1547344584420796,-1.0806216364554513,0.6133014699519437,1.0777784149218237,0.8672591523890756,0.6899826536715485,-0.6454189688849359,-1.8980934268774072,0.1881093946639367,-0.7856518526041539
CHL,1995,-0.2218470062284622,-0.2759057156714313,0.3803282633575078,-0.2827483392324602,0.6387592312728041,-0.1035263201467745,-0.8255204610872464,0.242047512387255,0.493206425388378,-0.6181253863524471
CHL,2012,-0.2438213145561413,-0.6248729197437507,0.2201832798410836,-0.2346480008218728,0.4005912685031788,0.9721719865201812,-0.2303435178581901,-0.0144485047658793,0.8970853433215381,0.3304395115483136
CHL,2020,-0.0906182748328153,-0.7660606396816693,0.2639369912576461,-0.4210544379324158,-0.4052159354270711,0.7272763273393589,0.1694399936617192,-1.022496072046981,0.3430593764548862,-0.0278981129171821
CHN,1995,-0.5436513973776279,1.65969079347822,0.1313714033928037,-0.2492075331377191,-1.928606620008252,-1.106793097244244,-1.014059863507656,-0.9796010376535704,-0.806654085501606,1.3431473578476467
CHN,2012,-0.554472639740172,2.3690390008870934,-0.3737532764952115,-0.6669960790502635,-1.9675196206348344,-0.7851726246615454,-0.4319132413423462,-0.7199094782716224,-1.8528418687367385,1.3967802140371064
CHN,2020,-0.0269020116876658,2.2168667550369325,-0.0287490025698611,-0.5065880331991137,-2.3030367707216457,-0.7331663953236326,-0.713546536586023,-0.2319659355271925,-1.2944007243079232,1.4139423302810774
COL,1995,0.9730457822554864,-0.657227441281904,1.2288013894263423,0.0063592377586536,1.1143694719005903,0.0126687290917824,-0.991603974639148,1.4591326272915237,1.0549086419907825,-1.2570777922688612
COL,2012,1.5161602643438616,-1.1834699117035203,0.9513280174117892,0.0927097878454697,1.0909809311989285,-0.1531600924005213,-1.0391623542340231,1.118642917979933,1.2394685738822746,-1.4643359603765214
COL,2020,1.4297584065077535,-1.1657238013250717,1.0059854612661467,0.2528496974722912,0.935891304766946,0.1860502490872539,-0.7204112150257581,0.98594410979115,0.8804353312243227,-1.1745158560324995
CYP,1995,0.3010962909955027,-0.8574852949824107,0.6286259027404801,0.2499361061897324,0.6123411824424922,0.0931200949928854,0.3565036834667026,-0.0559521293045982,-0.3274395093320646,-0.2480910400623924
CYP,2012,-0.5042621898662321,-0.984720704439075,0.2176722149504056,0.1253793541801365,0.6062443066279666,0.0621972774511114,0.1472005867538593,-0.1146615647929689,-0.7435715488888075,-0.1216679484416827
CYP,2020,-0.5993398832156827,-1.1905568100418722,-0.5130713916614951,-0.2283934894242776,0.5018368570730359,0.2193581205836547,-0.3565158488386488,0.4470388892600133,-0.1967746698028762,-0.8061971403437279
DEU,1995,-0.6630338405972357,0.5810483004043181,-1.049016883673376,1.3910982501517857,-1.5058169860675208,1.4312242404556317,1.4298587493804784,-2.0898072392815457,1.5548948890498702,1.469089783777631
DEU,2012,-0.3604920686708577,1.1887226335309586,-0.0236629387570186,0.9156619681784988,-1.130456243156438,1.1983125334003248,0.8630516039027956,-1.2371603168655525,1.4075824249990876,1.8265737551469727
DEU,2020,0.0074942358157366,1.2193498059345154,-0.396787975383167,1.8127183729561869,-1.3462582418403073,2.169611664163274,1.562935705907302,-1.1106007021169166,2.8979235753166823,1.2805414649723084
JOR,1995,-0.4875880961123422,0.2318807313708907,1.2107437047502394,-1.382294063569658,1.2453660120368473,-1.3731162774494878,-1.443381416861322,0.806743756165718,-0.9800464638113926,-1.7936738952471818
JOR,2012,-0.5975313572847545,-0.7054611762581381,1.0504647202229975,-1.394192995751661,1.1500077057873306,-1.2429860475984416,-1.032383760222853,1.2856812307143328,-1.8765493123435313,-1.4451920793500814
JOR,2020,-0.3168462521258798,-0.4878051809445459,1.0473964908251392,-1.195761174208914,1.0747129017182635,-1.2831159093793267,-1.0645760178277783,1.449395823131264,-0.8475954845299245,-1.7347888770114377
JPN,1995,-0.1651382210306515,1.1341841522842246,-2.9771222996826805,1.4724723636418025,-1.279155201250311,-0.0698464463910206,0.6580076301715575,-1.6906481848259796,0.1448978648898584,1.742329369157978
JPN,2012,0.2954161120606224,1.0195773713848597,-3.3567873822067846,0.804566373465511,-1.3286963627287227,0.7478749375052463,1.0313805366782962,-1.3409848183293198,0.3225131040219583,2.062752233979537
JPN,2020,0.2003267159189909,0.7570532918973841,-3.5286186826785757,1.4363701214594844,-1.46974332579601,1.531654711881557,1.1211739588103105,-0.8488856951598318,0.401607434319371,1.8696651894812175
KGZ,1995,-0.4891004732928301,-0.4557330460876629,-0.4414271631381999,-0.906302740378423,0.1837890257657458,-0.9958191059728724,-0.5535885281976508,-0.7061560547184274,-0.3512087353308079,0.5322675758476123
KGZ,2012,0.7722456810363122,0.7464353627427753,-0.179601591062563,-1.483627130768591,0.4816760620388746,-0.9563149400516866,-0.7489418759526565,0.2344355038926143,-1.048250567601804,0.618565683735525
KGZ,2020,2.263820133930805,-0.6694533571148484,0.2212208298884052,-1.1328739853036731,0.9287935962593902,-1.1710345006740952,-1.2229398018849058,0.9427428820261988,-0.3763437285917911,0.202440285486358
KOR,1995,-0.7701132916948086,0.1971019137352382,-1.9519434029945435,0.9747924460924448,-0.9181372096436604,-0.4603472881660715,0.0746943441188839,-1.338677326846178,-1.276515988552345,1.2053834365741989
KOR,2012,-0.4554498557247146,0.1304941947689821,-1.6096924904486425,0.3077487802972525,-1.013852995750125,-0.2033139216715218,-0.0121526325295568,-0.9028477047818136,-0.9737488064571048,1.1558347025632911
KOR,2020,-1.0009465676499565,0.4598019485759562,-1.88413821429582,-0.0033916817693853,-1.1770173585542738,-0.2430863192743784,0.3867955907530355,-1.6274858494110898,-1.026349661482346,1.4576335823778883
MEX,1995,0.3989292235077616,-0.1209164961734662,0.5238712415821845,0.1434415917176203,0.6850391612350085,-0.2483638818751061,-0.2834375833675106,0.665194504790317,0.6649717653983874,-0.6683956195864277
MEX,2012,2.153075873807393,-0.7015763374173939,0.8660473803434974,-0.1291837973657951,0.96279607546016,0.2446708902230278,-0.3523084764924054,1.1446269446811723,1.3114048860378948,-0.7285850656040882
MEX,2020,1.6858753359335168,-0.8146756635753616,0.1965182581652604,-0.5857437740259712,0.5715952869761902,0.352489906221535,-0.0501616484284082,0.6101911651548583,0.7247643791382179,-0.8457324005243438
MYS,1995,0.7425983222454061,-0.9252979846239292,0.031682883098839,-0.974122324222204,0.3179967569074615,-0.3529382105663702,-0.2759696600369911,0.6516065131690003,-0.2268683376646629,0.2184709552504706
MYS,2012,1.7404414063422389,-0.9431519249779108,0.0968581678808837,-1.5031757118523132,0.7958077298032715,-0.6945046404586127,-0.8917903868436858,0.587791311530504,-0.6356495559903438,0.1476759693975599
MYS,2020,-0.5485088043513372,-0.3040513907807898,-0.1720326319493178,0.1730075010580469,0.5146725357600626,-0.0585632380929549,0.110112703741642,-1.1820138655006978,0.0507697539155615,-0.1676626336715017
NGA,1995,0.6124008924363781,-0.1436447859696427,1.010207767567513,-0.8476071129010855,1.110245531641002,-1.0653284007892043,-0.8833254658175624,0.3105480892166227,-0.5390709585092947,-1.9862037056086512
NGA,2012,0.9999138598229972,-0.5656063064671799,0.5494853875745038,-0.9255936162203692,0.7883478308739926,-0.9286089657924896,-0.9377069351603008,0.4949181138110879,-0.414398667490492,-1.3611981775234074
NGA,2020,-0.1775518349229828,-0.7075616890084259,1.213783867103276,-0.8840142434370195,1.0072159519418311,-1.136858884649192,-1.1995638667558337,0.4151664506476716,0.0751897701814879,-1.7088841219327278
NLD,1995,1.072377266194388,1.203026255711637,0.61090688780004,1.0500494583812607,-1.4425515494087953,1.8044859744359163,1.5850751889786756,-1.0528400373305713,0.9932842962957724,0.7490338175649163
NLD,2012,0.5106358254980344,2.6141498182535146,0.8459496453406603,1.039188561655199,-1.5482484887674892,2.237493638172846,2.3236689458426127,-1.234363647865204,0.6400136415225146,0.8945205674078509
NLD,2020,0.1929451605056727,2.30697149962574,0.5513285933815413,1.4193788859190235,-1.955582122198534,2.795989848141722,3.161271992841604,-1.4059611712827291,0.5840736506366146,0.7820381138289653
NZL,1995,0.8283108832717535,1.7172825147390478,-0.0269457958963106,2.397656529633269,-1.1013490117170075,0.8123639682559616,1.3827431567949442,0.74948517988387,1.8295920694096144,0.9553641642890186
NZL,2012,0.7191399335945834,2.208018999614498,0.1743265196131094,2.2521148130896465,-1.1903564092452368,1.420951190581256,1.5356767029099143,0.4814098358498035,0.8498245374676442,1.112830461822523
NZL,2020,0.6235793428038809,2.324432283279005,-0.2968041240674097,2.239755535806182,-1.6331761849980622,2.1546326465953967,2.6650010011041623,0.5661715209960445,1.4732585203551056,1.3166947811478489
PAK,1995,-0.8782047222929736,0.2409446374386077,0.2738921636710313,-1.0437398879406117,1.2742165838990889,-1.3623639206459144,-1.0210256678606424,1.0919269660103144,-1.924366742185356,-1.8818709306438863
PAK,2012,0.5240375428967023,-0.0449860011803009,-1.0906616656162476,-0.3800801242120585,1.073799808333845,-1.1086476940396248,-1.3376522236963968,0.9839530691967452,0.317592559760626,-1.007302611464175
PAK,2020,0.9913781317987616,-0.1844941111709268,-0.9511959211860452,-0.8314931860478382,1.0873943729953095,-1.1325178940623404,-1.1668747237854316,1.2588123509756224,0.3977078370458956,-1.4104191193136473
PER,1995,-0.9994389982516296,-0.9640065142738448,0.7318048230397471,0.2606334469231202,0.8180391349216185,-0.3690202175780631,-0.9494023891815824,0.9281542532873294,0.6052515237636941,-1.1707210718400158
PER,2012,-0.0767593116149582,-0.973883742430459,0.7148662689859,-0.1154850003193093,0.7204672978893017,0.0149439662845028,-0.6977751161249918,0.5071716846390418,0.2736171869129803,-0.9505470664415042
PER,2020,0.1405075355905966,-1.1897706916731103,0.5255488991616113,-0.3108896364524591,0.8431359554019187,-0.4342396644459468,-0.7981506182917951,0.6938733556413322,0.0588852801702352,-0.8382191566239069
PHL,1995,0.6268895663984009,-1.027502823210102,0.5322287267577378,-0.8822950104405732,1.0897800852036157,0.0603794445043082,-0.5984622903671764,1.0317524789858126,-0.5381947676795387,-0.5310195226051259
PHL,2012,1.0797879345140269,-1.2488255078170212,0.8036168509050174,-0.8866792078482715,1.019876811457204,0.4109527483912175,-0.2036684714381253,1.2621197552123642,-0.047052341171074,-0.3695940957672755
PHL,2020,1.3440906826640806,-1.1188771994111937,0.8918492447307022,-0.6195216637708492,0.99798734429081,0.4102532849723106,-0.2461298855752448,1.4096568698361065,-0.0140946997542261,-0.5395847498356874
ROU,1995,-2.5501740147953464,-0.4357109104658418,0.556639297998453,-0.4582865003023257,0.5398182780695451,-0.7776729776224428,0.559712188823491,-0.5593829714449289,-1.0400762232780427,-0.0574621003842027
ROU,2012,-1.6405490766136468,-0.9818294278870716,0.5811050066926656,-0.628447315232281,0.7339961182309072,-0.7322473585327811,-0.3388314510764339,-0.4491341664898914,-0.0254094397788343,-0.1193952105186088
ROU,2020,-0.8022790100670488,-0.7985046112554903,0.3569555720663411,-0.4287376963969941,0.6078996502290692,-0.7622614191537367,-0.2696193863823223,-0.1510635461965012,0.0846816344501156,-0.177225554728348
RUS,1995,-2.4329056694973934,0.2127050636098357,0.2046592630056617,-0.3120466301823048,-1.1484982766500391,-0.9162601813683096,0.7998567602950903,-1.271417530406005,-1.3003751266677397,0.3844966623326203
RUS,2012,-1.0907527877031746,0.1943657275764604,0.3291472252039705,-0.7217761374239442,-0.3611464325191331,-0.5914245813220693,0.6059553378348279,-1.0327300590870043,-1.486766208528992,0.346296079986637
RUS,2020,-0.7059833525981479,-0.0845263291594088,-0.0846262089510005,-0.5088194160667944,-0.6060629928777848,-0.5302760978665048,0.8523701591360613,-0.3009017056079594,-1.3787423434103374,0.5900962740835521
THA,1995,0.8145349654961653,0.9628190468397244,-1.4261983838255206,-1.3471869165486434,0.2670772236646606,-0.312257079916576,-0.6393209500440393,1.2953527953070418,-0.0340337739788817,-0.0938623411330833
THA,2012,0.8222094484757133,0.3409580831039031,-1.0991047004455352,-0.8771052452144313,-1.610607442277953,-0.44933539575271,-1.0268422831389112,1.2543641878211853,-0.2291776374204595,-0.1598187083452145
THA,2020,0.211861829652955,0.4884520254831737,-1.8993350694877331,-0.6967665359271712,-1.2460829465911176,0.1800528867495784,-0.7588532734924187,0.7521319648864617,0.3883451788792922,0.6025523791710614
TUR,1995,0.0153635612538602,-1.0045804983810367,0.1576626047548251,-0.4168007993168653,0.8516618859676846,-1.0477202017716754,-0.0151993946248627,0.7874643816753701,0.5078641334597332,-0.6831610262841337
TUR,2012,0.2033469359182103,-0.6724157235835049,-0.0530407625222326,-0.7144715130305288,0.9065352422519182,-1.0621841989175875,-0.8320837512872323,1.1078140307814588,-0.0643330596804792,-0.1982002106015302
TUR,2020,-0.2855228409395823,-0.5328143662813027,-0.5301310074647557,-0.5052331231923992,0.292024995226803,-0.8521945220707449,-0.5410305941252899,0.4047024994696315,0.0993530863419261,-0.4299742517331002
TWN,1995,-0.097382056886719,0.3909914006525534,-0.949049250526566,-0.7281098345462178,-0.8133110439460778,-0.409812447831691,-0.0946259274663529,-2.207291065616819,-1.3792968750236276,1.0949902865578196
TWN,2012,0.04419552377543,0.3968703097681565,-1.8646538269536357,-0.4375176541374084,-0.5933819167782352,0.5711404390894382,0.1697308765506305,-1.920025114518464,-0.8597763673999745,1.2622022276777072
TWN,2020,0.0043574215265965,0.3413132141369795,-2.4778096702846173,-0.07475420511688,-0.6843829860909589,0.3949785528330005,-0.0159359993224546,-1.4682445169735328,-0.6162948695296127,1.2142824986259098
UKR,1995,-2.2848693617343137,0.2853606761331667,0.5574167546580193,-0.633861023141702,-0.3971692871626158,-0.6852012115368536,0.5263327213429367,-1.614388457749685,-1.3236287907581294,0.0693668222659054
UKR,2012,-1.328905244370887,0.0310657025753653,-0.0308519430458881,-1.1050281094781738,-0.0744606894120087,-0.61438598763155,0.2272474862140652,-1.549195365312393,-1.012614912391464,0.0055879388923359
UKR,2020,-0.7032954545676675,0.3621826690732378,-0.7899623429933568,-0.1416838117766454,-0.2900993511142467,-0.347281726449784,0.6117653192729514,-0.7454364357740866,-0.9503691650717412,0.3968347763301517
URY,1995,-0.33210271185934,-0.0165356767158339,0.2067802802073788,0.3436397069931955,-0.1499939404331892,0.5546417715055182,0.5101483442740957,0.9015072692684768,1.5351960105293814,0.4005746064051602
URY,2012,0.3601342455426807,-0.5353334831383644,0.445686917889318,-0.0703467853537856,-0.3850393412916382,1.3985685598669104,0.4906440899344668,0.1532521450901708,1.3848444876752155,0.1683444785291092
URY,2020,1.0038182920222607,-0.4946120196991543,0.7429463512312634,0.6270838871521016,-0.5441820801438461,1.571708904430983,0.9956433232779356,0.6084811495968593,1.269152585237694,0.3862832619325342
USA,1995,0.9078573776673644,0.7569233859242854,0.4814885562597564,1.948450429929415,0.4397223703622547,0.3352108311237342,0.6428028055390638,0.7890359448965671,1.5849159105329085,-0.0736933703115386
USA,2012,0.4406851427131888,0.659722308163293,0.0859256314497186,1.6245590307158555,0.1489284483596839,0.9020539223002816,1.0531819563063252,0.1805149864865951,0.8063351757904803,0.0953149528778721
USA,2020,0.0254841852464729,0.7399801339915278,0.0426165747600045,1.570938650607436,-0.1869155860618545,1.3080827221870224,1.089735156463496,-0.6329458146337107,1.680839050808398,0.5145483327109484
ZWE,1995,-2.168453106230257,-0.7713850055927712,1.1816773715233124,-0.8565425841695425,1.0632099160951187,-1.3393982813891596,-1.4960397363673326,0.8133691996607694,-0.7804040610166362,-1.78186771787717
ZWE,2012,0.0391362765188185,-0.9642411183074728,0.5508923753409082,-0.613146549035123,1.06809105584521,-0.9697966928688893,-0.9250095193769444,0.9127974034031032,-0.5892840048032065,-1.0265333630715612
ZWE,2020,-2.795508980495695,-1.3086832052753954,1.0063331109316882,-0.8452159138195612,1.1898859756759967,-1.031919843241279,-1.1496033037926372,-0.0938058659901802,-0.5557364274349172,-1.1530996831400464
