"country","year","happy","trust","authority","petition","god","homosex","abortion","proud","postmat","autonomy"
"ALB",1995,2.67156862745097,1.69771241830065,1.59640522875816,2.20424836601306,6.94771241830063,1.69281045751633,5.56699346405227,1.5032679738562,1.63398692810457,-0.184640522875817
"ALB",1999,2.36713286713287,1.75524475524477,1.65734265734266,2.10664335664335,7.16433566433568,1.49475524475524,4.07692307692307,1.32517482517483,1.63461538461539,0.208041958041958
"AND",2005,1.79640268235236,1.80189273225868,1.79648078274582,1.53646532009988,5.49013583482714,8.1180808528286,6.94491761187394,1.72875897613308,2.08284291007288,0.369595578424136
"AND",2017,1.68122270742357,1.69432314410479,1.63537117903929,1.5240174672489,4.34716157205239,8.23799126637557,6.62882096069869,1.55240174672488,2.08733624454147,0.491266375545852
"ARG",1981,2.0655668629121,1.74940040123234,1.62523497803724,1.96428339780107,7.1105853362176,2.4113567167129,3.21115576826492,1.73001879936225,1.8078044992244,0.328482531524142
"ARG",1990,1.93198992443325,1.76952141057936,1.39672544080604,2.22040302267002,7.96977329974817,2.94080604534003,3.32367758186396,1.59571788413098,1.93702770780857,0.0667506297229219
"ARG",1995,1.88690959981001,1.82085998264544,1.48282019491992,1.98800503898157,8.34935005381677,4.48538078044185,3.40482518616237,1.55489130631007,2.13948092913512,0.0463060548213272
"ARG",1999,1.8402528679733,1.84509093012497,1.34721735637271,2.1992054516283,8.54792435021905,4.32048291983169,2.58454702633463,1.41577518070303,2.07199830456449,-0.212462188914877
"ARG",2005,1.75046348176412,1.83664630050603,1.22680605413787,2.05467695530869,8.36174819525088,5.30713824229563,3.24380555941039,1.39956773737176,1.84856544792083,-0.00407088878713273
"ARG",2010,1.81001888986631,1.82503404709429,1.49590396849492,2.26587274550192,7.48403880729586,5.58919449222631,3.54417480071999,1.58695210874758,1.83400608820373,0.129483790097648
"ARG",2017,1.80056681871733,1.82132630250446,1.39750239591355,2.21461530873419,7.45487814291496,5.49476586017959,3.38025850710612,1.50618674621498,1.70236298119007,-0.0224872045440792
"ARM",1995,2.41434540389971,1.7785515320334,1.41086350974929,2.22632311977715,6.84679665738168,2.06058495821726,4.53272980501397,1.79038997214483,1.60584958217268,0.556406685236764
"ARM",2010,1.88342737833783,1.89383292482212,1.54601550913717,2.65068099357081,8.46831997997659,1.14335487941145,2.36390084656411,1.30462325433771,1.55105991043154,-0.0317797355421945
"ARM",2017,1.62460962605454,1.91851143859159,1.25447467465455,2.47380287595089,9.15554939881534,1.41054915958049,2.41257136178493,1.21052603865714,1.59433028117447,-0.0439056483388315
"AUS",1981,0,0,0,0,0,0,0,0,0,0
"AUS",1995,1.62881467869929,1.59541849566947,1.34839983785763,1.25744663409994,5.60566692180831,4.62496342179954,4.85943916033126,1.2924040121634,2.26968721348583,0.405341195246857
"AUS",2005,1.73833913889845,1.52920084849404,1.45544008731586,1.23700415162788,6.05482710637281,5.68763362961766,5.68006054376232,1.35954318806402,2.06787728797907,0.544609212204841
"AUS",2010,1.72790367310606,1.47581330844343,1.43133549300903,1.31191599753702,4.97429599275279,6.98695292121431,5.92193166821866,1.34541590124932,1.6250508945478,0.753611846138476
"AUS",2017,1.84674597865267,1.49505924113253,1.51304724732262,1.2641147271824,4.42331913682861,7.39879235542269,6.67343874874629,1.52302986731282,2.03926621442293,0.631427814529043
"AZE",1995,2.10655737704918,1.79781420765028,1.39002732240435,2.61612021857926,8.72677595628413,1.3804644808743,4.12636612021855,1.43510928961746,1.41666666666665,0.65163934426229
"AZE",2010,1.9515854778714,1.84744012506528,1.37546957713575,2.87220030070858,9.78878905516402,1.17936714861902,2.80114401815137,1.37782485399754,1.53231443380296,0.716647868407751
"BFA",2005,1.9989615784008,1.86085150571129,1.42782969885772,2.08099688473517,9.32502596053981,1.65316718587745,2.33541017653165,1.17133956386291,1.62409138110071,-0.766355140186916
"BGD",1995,0,0,0,0,0,0,0,0,0,0
"BGD",1999,2.08598726114651,1.7738853503185,1.07484076433123,2.27707006369426,9.63375796178337,1.04060509554142,1.30015923566878,1.31369426751592,1.65923566878982,0.219745222929936
"BGD",2017,1.81070366699703,1.86025768087217,1.24876114965312,2.46977205153618,9.65807730426162,1.73439048562932,2.10901883052526,1.18037661050546,1.83349851337959,-0.539147670961351
"BGR",1995,2.35744680851063,1.69787234042552,1.48297872340425,2.33191489361701,4.66170212765956,3.42553191489362,5.70638297872339,1.63191489361702,1.58297872340425,0.663829787234041
"BGR",2005,2.32500409724464,1.76913457670434,1.61793551112213,2.43201017259766,5.71410235149868,4.26130202361607,5.66727799710697,1.79541543925253,1.48617628241574,0.692717480235296
"BIH",1995,2.09488272921109,1.72921108742004,1.61194029850748,1.99893390191898,7.21748400852876,1.94776119402988,4.12793176972282,1.60554371002134,1.69296375266525,0.174840085287846
"BIH",1999,1.98098098098097,1.84484484484482,1.86186186186186,2.04204204204204,7.37337337337336,1.99299299299302,3.91291291291293,1.994994994995,1.73273273273272,0.341341341341342
"BLR",1990,2.52253349573693,1.73690621193667,1.36419001218028,1.95249695493303,4.10231425091355,1.86479902557858,4.57003654080393,1.87819732034106,1.72472594397078,0.415347137637026
"BLR",1995,2.55764705882352,1.77960784313721,1.3654901960784,2.49725490196079,5.73803921568627,2.08313725490194,4.58352941176472,1.96392156862743,1.57882352941173,0.207843137254901
"BLR",2010,0,0,0,0,0,0,0,0,0,0
"BOL",2017,1.88703170028821,1.91815561959657,1.13717579250722,2.35677233429394,9.23400576368855,3.33890489913537,2.28472622478384,1.34639769452451,1.9740634005764,-0.473775216138333
"BRA",1990,2.05947998793349,1.93501633646242,1.26062947710898,1.66415965069956,9.42790970579378,2.46222995443599,2.47491951293668,1.56197280069897,1.67149787089588,-0.3424959983905
"BRA",1995,1.96326905417817,1.97061524334256,1.21487603305787,1.7144168962351,9.59963269054165,3.16345270890723,2.03581267217633,1.53351698806246,1.81083562901748,-0.606060606060605
"BRA",2005,1.77150316259708,1.91143063099648,1.26010985329204,1.60858626326209,9.64289399461889,4.24287705974918,2.40836269861413,1.8346439920808,1.78746027717142,-0.523634458601953
"BRA",2010,1.71378307477958,1.92277084395194,1.28405001310523,1.76003212358663,9.58944580798543,4.59701142532719,2.19095415070493,1.91341614361132,1.79481689662413,-0.363278776747087
"BRA",2017,1.81864927805626,1.9397704192202,1.31685628056858,1.68749338324977,9.17589348865866,5.04530583509444,2.46407464501529,2.18106019938679,1.8218153193784,-0.281038655244043
"CAN",1999,1.60400058745778,1.61007490086651,1.41083272139815,1.34209428697313,7.18994272286681,5.47255103539433,4.65783521809371,1.39067704508739,2.21379938316934,0.503010721104422
"CAN",2005,1.58338795203309,1.56955932287483,1.36714376569932,1.36005255573202,7.16711049491223,5.72346723093245,4.70256571901307,1.31357599747735,2.18657440216748,0.45901431695239
"CAN",2017,1.9727384741332,1.52906430606344,1.6830635575195,1.3521116591736,4.92314181227357,7.69762302904279,6.64358159699324,1.61326751948093,2.08189039395558,0.712106210659327
"CHE",1995,1.65780617404309,1.5786147342926,2.04162542215199,1.51703791485994,6.02435251862624,6.30538481534256,5.0619570351406,2.04373798530292,2.05443919653139,0.478381233006465
"CHE",2005,0,0,0,0,0,0,0,0,0,0
"CHL",1990,1.9558935361217,1.77186311787076,1.24790874524716,2.20076045627378,8.60836501901147,1.83117870722432,1.81216730038021,1.60912547528518,1.93764258555137,-0.450950570342203
"CHL",1995,1.91262401472014,1.7769532106504,1.50625131389483,2.26413072716875,8.67423093354913,3.30638106454303,2.16108520367911,1.55392902594333,1.87963253893084,-0.250608630000429
"CHL",1999,1.82199922893145,1.78179223465258,1.47546947408323,2.33915822806489,8.84449815957816,3.9566082566065,2.20901053604643,1.36532230708946,1.86876781937245,-0.0111464674700899
"CHL",2005,1.91048934861996,1.86618843055024,1.37812076316788,2.41243988528795,8.72559070026611,4.91914054006543,2.6637422273124,1.46639603312725,1.83299504567386,-0.0438976233863674
"CHL",2010,1.90501319261212,1.86015831134563,1.46042216358838,2.28232189973615,8.23087071240108,5.59366754617417,3.04617414248023,1.58047493403692,1.95646437994721,0.3311345646438
"CHL",2017,1.87181529377646,1.88482157769855,1.44444340612325,2.36680653302292,6.59907605225533,5.11777640830317,3.60682830927053,1.90188291734311,1.85124349606452,0.134587306577178
"CHN",1990,0,0,0,0,0,0,0,0,0,0
"CHN",1995,0,0,0,0,0,0,0,0,0,0
"CHN",1999,0,0,0,0,0,0,0,0,0,0
"CHN",2005,1.96998402331738,1.4610810871778,1.49285606205883,2.28892068874579,3.51414361147943,1.55373861229208,1.94709471046579,1.88820617534628,1.63288935038599,0.886602193000124
"CHN",2010,1.97232890178635,1.33716915075738,1.67732646441484,2.47827419305585,3.43534309154985,2.17872450698684,2.76349388650741,1.80540557833902,1.43419685248405,0.916019675582489
"CHN",2017,1.85800847857293,1.36375124042194,1.55133167588132,2.40557276095914,2.75590625947808,2.27978511271087,2.36853292404814,1.64982864414358,1.54025626905902,0.925433051851321
"COL",1995,0,0,0,0,0,0,0,0,0,0
"COL",2005,1.64132762312635,1.86581013561737,1.09207708779442,2.17309064953604,9.67630264097086,3.72912205567456,1.9785867237688,1.11063526052819,1.98643825838684,-0.539614561027838
"COL",2010,1.52363896848142,1.95773638968489,1.19340974212038,2.13395415472782,9.62893982808035,3.40687679083093,1.91189111747856,1.21919770773643,2.02148997134676,-0.65329512893983
"COL",2017,1.54236157438295,1.95463642428291,1.17344896597735,2.06137424949968,9.3148765843896,4.06604402935285,2.35890593729153,1.26150767178121,1.95330220146768,-0.494329553035353
"CYP",2005,1.7869338152346,1.90079202205375,1.31125983201848,2.06269477090908,8.659673504393,3.88545839985485,3.86916538451809,1.59370803602125,1.72390201818422,0.0138120568650959
"CYP",2010,1.96144869054238,1.92301803997041,1.46133919886535,2.11914738960637,8.64732706550639,3.82536793163113,3.57563988906172,1.61242707456053,1.64487001673905,0.0831547948804517
"CYP",2017,1.98205128205129,1.95897435897437,1.72820512820514,2.27948717948719,8.43589743589747,4.13076923076926,2.86923076923079,1.43333333333334,1.74871794871796,-0.292307692307696
"CZE",1990,0,0,0,0,0,0,0,0,0,0
"CZE",1995,2.09916367980887,1.715651135006,1.64157706093192,1.93667861409799,3.89247311827959,6.75985663082433,6.28315412186378,1.76105137395462,1.79569892473121,0.381123058542413
"CZE",2017,2.02518593294442,1.63378032914377,1.7701461673381,2.06734821149553,4.19410242682731,6.67004210240434,6.18470959547241,2.00566680790354,1.75800716330445,0.479435651232626
"DEU",1995,2.03331112591608,1.67288474350437,2.19187208527646,1.43371085942707,4.37041972018645,6.52498334443699,5.50966022651561,2.3750832778148,2.19720186542307,0.686209193870755
"DEU",2005,1.95839540162501,1.62612107019829,1.6559903590342,1.65726520667829,4.37020232347024,6.4464495159023,5.23920485826644,2.10928998246402,1.96558991883268,1.22515338038963
"DEU",2010,1.93029483127396,1.54335179158206,1.5494742567622,1.76096911061825,5.13043286353338,6.03311299217981,4.57954536290125,1.97032691170855,2.05341823656414,1.15176031868658
"DEU",2017,1.85055508112725,1.53800170794194,1.68573868488475,1.3543979504697,4.69342442356962,7.92058070025624,5.56105892399661,1.92997438087106,2.33646456020497,0.852263023057211
"DOM",1995,1.94736842105263,1.74342105263158,1.48355263157895,2.14802631578947,9.40789473684209,3.18750000000001,2.85855263157896,1.34868421052632,1.95394736842105,-0.470394736842105
"DZA",1999,2.01472134595162,1.88222923238695,1.40694006309147,2.40378548895898,9.80336487907461,1.23028391167192,1.74132492113564,1.3154574132492,1.74237644584647,-0.852786540483697
"DZA",2010,1.98833333333334,1.84666666666668,1.58500000000001,2.50833333333332,9.54666666666671,2.18666666666667,2.56499999999999,1.46500000000001,1.80000000000001,-0.395000000000001
"ECU",2010,1.4995787700084,1.92839090143218,1.18534119629316,2.56529064869415,9.29823083403535,2.89721988205553,2.112047177759,1.10867733782644,1.86267902274639,-0.45240101095198
"ECU",2017,1.502329916123,1.94128611369987,1.11556383970175,2.38397017707362,9.24883504193842,3.69804287045664,2.53774464119289,1.17241379310343,1.86766076421247,-0.684063373718543
"EGY",1999,1.93444909344485,1.61854951185493,1.18096234309622,2.23326359832633,9.63493723849364,1.00557880055783,2.16527196652721,1.18898186889818,1.61541143654112,-0.583682008368197
"EGY",2005,0,0,0,0,0,0,0,0,0,0
"EGY",2010,0,0,0,0,0,0,0,0,0,0
"EGY",2017,0,0,0,0,0,0,0,0,0,0
"ESP",1990,1.94895759688793,1.67822925300049,1.3600021014261,2.24328144251957,5.74998900308401,4.71351365283949,5.08489575366909,1.75623583144921,1.87871745149551,-0.0273126399411601
"ESP",1995,1.93669895827108,1.7078842082533,1.33849899149449,2.20952189615857,6.88200849731072,5.45888737641549,4.39577025187968,1.44998376546818,1.91515011501471,-0.167801748879387
"ESP",1999,1.92970143334737,1.63340065778616,1.47017685084148,2.12666779036486,5.7066227136549,6.14089293681868,4.88454923351647,1.49350357978479,1.86551168931807,0.0804111307938502
"ESP",2005,1.95264528961386,1.78410851421553,1.22090545314039,2.06050619546608,5.26801845141676,6.61622062010176,5.64671847380498,1.45639739187243,1.74896988312558,0.14550563811199
"ESP",2010,2.00083832183971,1.80220549842433,1.34064505315061,2.11397323312792,5.00082071356171,7.05631849332795,5.45992144675937,1.54526696682635,1.75418975527215,0.38853693149192
"EST",1995,2.2910569105691,1.78536585365853,1.69430894308943,2.26016260162602,4.16260162601626,2.60650406504065,5.17886178861789,2.09918699186992,1.63577235772358,0.850406504065041
"EST",2010,2.10547083013917,1.59927305918021,1.81681497901482,2.36469866002364,4.40709628725889,3.24179633636459,4.93513750208701,2.10607941905288,1.72590261378084,0.44173756844997
"ETH",2005,2.16761687571264,1.74572405929302,1.54732041049029,2.12998859749143,9.18928164196135,1.50969213226908,2.13112884834662,1.31698973774228,1.81870011402507,0.385404789053593
"ETH",2017,1.79781962338949,1.90089197224977,1.59762140733398,2.53815659068384,9.84440039643209,1.62636273538154,1.7710604558969,1.16848364717542,1.67591674925669,-0.496531219028741
"FIN",1981,0,0,0,0,0,0,0,0,0,0
"FIN",1995,1.82582216808771,1.50913520097443,2.14981729598054,1.77831912302072,5.79658952496961,4.64920828258224,5.12545676004876,1.66260657734471,2.2119366626066,0.623629719853835
"FIN",2005,1.77901065914625,1.40288757810189,1.906304169048,1.65978963212011,5.99285239571136,6.040431882431,5.55416516029582,1.493213186898,1.85551950355314,0.910370433851827
"FRA",2005,1.74078157373112,1.81876211628182,1.17610794943316,1.41912564033789,4.53875761127031,6.46913022774887,6.5282912918134,1.8533910391949,1.91814183526833,0.422455375633625
"GBR",1995,0,0,0,0,0,0,0,0,0,0
"GBR",2005,1.5511785769221,1.68666970549733,1.24641892899535,1.37181990526187,5.32643018695482,5.75840814440758,5.11298967644552,1.56387699440645,2.1638591981658,0.401529334717847
"GBR",2017,1.78087838157365,1.51768809940774,1.54633221323499,1.27366941315354,3.8734474605147,7.90812763371562,6.98564548598305,1.84696891036514,1.9661300770768,0.738959244470066
"GEO",1995,2.26536822884968,1.81984175289108,1.25562994522216,2.5672550213025,7.6695069993913,1.55690809494826,3.83627510651251,1.41022519780888,1.58307973219721,0.330493000608643
"GEO",2005,2.22539098436063,1.81048758049676,1.3311867525299,2.64765409383624,9.25482980680782,1.17663293468261,2.56025758969643,1.22815087396504,1.65317387304507,-0.134314627414904
"GEO",2010,2.14598540145986,1.91423357664237,1.43248175182484,2.62499999999995,9.15145985401459,1.23905109489053,1.80930656934309,1.2682481751825,1.61405109489053,0.0447080291970803
"GHA",2005,1.72848664688431,1.92062314540066,1.07715133531161,2.52151335311575,9.79154302670634,1.72329376854604,2.1758160237389,1.08011869436205,1.73961424332349,-0.72848664688428
"GHA",2010,1.71489457919961,1.94961653900125,1.06978649461515,2.71772252663015,9.66522197683767,1.37191070748248,1.61728625456487,1.05265309788789,1.6613610387519,-0.698204888353391
"GRC",2017,2.20107342610018,1.9203548379854,2.0230215679711,2.24440491958374,8.17547541792454,4.69509705387865,4.53288474968813,1.2997372194309,1.68939665705665,0.376668790544542
"GTM",1999,1.79031994885931,1.84850361675296,1.1190187733207,2.36125880082323,9.72455716180702,3.10472182085586,2.27037418282218,1.1754775938637,1.68619482811766,-0.562565181419776
"GTM",2017,1.6105072463768,1.83695652173913,1.3623188405797,2.32608695652172,8.55615942028985,3.51086956521737,2.85869565217389,1.42210144927535,1.8641304347826,-0.157608695652174
"HKG",2005,0,0,0,0,0,0,0,0,0,0
"HKG",2010,1.89508928571427,1.52455357142856,1.76004464285713,1.99218749999997,4.87388392857143,4.20089285714288,3.2154017857143,2.13281249999998,1.90513392857141,0.880580357142859
"HKG",2017,2.09746904800802,1.6300333007618,2.0784159009104,2.18519147509914,4.84488566337418,4.97896493532362,3.82312483290374,2.21515601744799,1.80561605237626,0.785255303655832
"HRV",1995,2.23523093447905,1.73899033297528,2.16219119226638,1.70676691729323,6.22771213748658,4.16541353383455,5.58431793770138,1.7733619763695,1.88184747583243,0.731471535982813
"HUN",1981,0,0,0,0,0,0,0,0,0,0
"HUN",1995,2.08458646616541,1.74812030075187,1.68045112781954,1.97744360902255,5.28571428571431,3.53383458646617,5.38909774436091,1.61090225563909,1.44924812030074,0.62406015037594
"HUN",2005,2.0895260656664,1.70721983824081,1.33371206731196,2.55365245814563,5.36751261425254,4.17433996178936,4.67212928005424,1.7289022898617,1.55930525924173,0.844426443021802
"IDN",1999,1.83430232558139,1.49127906976743,2.02180232558137,2.67151162790694,9.9316860465117,1.14244186046511,1.28488372093022,1.57703488372092,1.63517441860464,-0.258720930232558
"IDN",2005,1.79330855018591,1.5851301115242,2.43866171003718,2.6364312267658,9.58215613382884,1.32788104089222,1.48773234200746,1.61412639405208,1.62081784386621,-0.202230483271375
"IDN",2017,1.62156172359924,1.95426138287899,1.90560229118155,2.62583406758195,9.71981843638628,1.60260109070695,1.59767133835195,1.21497761485184,1.84047034351875,-0.308975529439247
"IND",1990,2.06095717884127,1.65591939546598,1.67052896725438,2.02267002518888,7.43073047858924,1.18841309823676,3.480604534005,1.29874055415615,1.65994962216622,-0.261460957178841
"IND",1995,1.91234684260133,1.56550424128182,1.75117813383601,2.03770028275214,7.96135721017902,1.78228086710648,2.80772855796421,1.34967012252592,1.57964184731387,-0.307257304429784
"IND",1999,2.01157184185151,1.59016393442625,1.67309546769529,2.04339440694311,6.65284474445523,2.86595949855354,3.39537126325941,1.35679845708777,1.62970106075219,0.231436837029894
"IND",2005,1.8927875243665,1.76998050682265,1.62183235867449,2.13352826510724,7.43762183235876,2.94054580896689,3.27387914230022,1.26900584795324,1.6647173489279,0.206627680311891
"IND",2010,1.80409731113962,1.82458386683747,1.78787878787883,2.39991463935123,8.2774221084081,1.56209987195908,1.4997865983782,1.31796841656002,1.62057191634662,0.084933845497226
"IRN",1999,0,0,0,0,0,0,0,0,0,0
"IRN",2005,0,0,0,0,0,0,0,0,0,0
"IRN",2017,2.21393384940185,1.85151301900075,1.76636171710066,2.33919774806474,9.32301196340593,1.61224489795922,2.74806474313861,1.22800844475724,1.84447572132305,0.0204081632653061
"IRQ",1999,0,0,0,0,0,0,0,0,0,0
"IRQ",2005,0,0,0,0,0,0,0,0,0,0
"IRQ",2010,2.25179119754347,1.66837256908903,1.30603889457521,2.53121801432955,9.80348004094168,1.71852610030702,2.31729785056289,1.57727737973385,1.60900716479016,-0.819856704196522
"IRQ",2017,0,0,0,0,0,0,0,0,0,0
"ISR",1999,1.96976016684048,1.76955161626695,1.59332638164758,1.89051094890514,7.86861313868622,4.88842544316999,5.18873826903026,1.66319082377479,1.98227320125131,0.571428571428571
"ITA",2005,1.91720569210869,1.69987063389393,1.60025873221217,1.58602846054335,7.93143596377757,3.3583441138422,3.49417852522642,1.68434670116431,2.01681759379045,0.420439844760673
"JOR",1999,2.0748702267495,1.73403860678998,1.11878302360034,2.74649746343151,9.97403433274302,1.0509495045982,1.47272970143018,1.33956914823178,1.65016272793623,-0.925096276430333
"JOR",2005,1.84080086328232,1.68695533393477,1.07856040403042,2.85843719999581,9.90911833981353,1.02146779533686,1.2173034156783,1.29771942238054,1.54975444144414,-0.742775988454343
"JOR",2010,1.98165938864627,1.87423580786024,1.15720524017467,2.80786026200879,9.74847161572036,1.28908296943231,1.92139737991268,1.16593886462882,1.42969432314411,-0.642794759825331
"JOR",2017,1.92083712465876,1.83621474067331,1.15832575068243,2.71792538671517,9.59599636032756,1.21110100090991,1.87625113739765,1.11373976342128,1.62511373976341,-0.801637852593265
"JPN",1981,2.0176497368125,1.52971235349743,2.77149317017691,1.58846155324324,4.75714731383566,2.56401318249169,3.65349537654992,2.02895609781294,1.71685533525672,0.583322311301229
"JPN",1990,2.00196463654222,1.5500982318271,2.77996070726916,1.49508840864439,4.79764243614932,2.63064833005895,3.93123772102162,2.0255402750491,1.7878192534381,1.05893909626718
"JPN",1995,1.74739970282317,1.54383358098068,2.01188707280831,1.52897473997028,4.81872213967309,3.48142644873699,4.44725111441306,2.0965824665676,1.80237741456166,1.07578008915304
"JPN",1999,1.84149484536082,1.5541237113402,2.76546391752576,1.42139175257731,4.86726804123713,4.40335051546392,4.77448453608249,2.2061855670103,1.91752577319587,1.40850515463917
"JPN",2005,1.83130699088147,1.58662613981764,2.81155015197569,1.50911854103345,4.90577507598784,4.7644376899696,4.65349544072949,2.21732522796353,1.84346504559272,1.40121580547113
"JPN",2010,1.78816466552314,1.57289879931388,2.76672384219553,1.81132075471698,4.72898799313891,5.15780445969124,4.81560891938249,2.0034305317324,1.84734133790736,1.28130360205831
"JPN",2017,1.80876979293546,1.61875761266749,2.82947624847751,1.5249695493301,4.44336175395863,6.68087697929361,4.94153471376375,1.84652862362974,1.8623629719854,1.17539585870889
"KAZ",2010,1.80466617479367,1.61659273688601,1.51219317380745,2.81866062766303,7.26802546957833,2.18814063953729,3.45759724102316,1.4403772170346,1.46700163221401,0.453912660924651
"KAZ",2017,1.78200692041525,1.75663206459057,1.80161476355249,2.72318339100345,7.67820069204157,2.15570934256055,3.29181084198386,1.56401384083046,1.68742791234143,0.414071510957324
"KEN",2017,1.66485507246373,1.91485507246372,1.25724637681156,2.26449275362316,9.06431159420294,2.86594202898547,3.56159420289852,1.61865942028982,1.83876811594199,-0.412137681159422
"KGZ",1999,1.95816326530612,1.83061224489797,1.70204081632652,2.58673469387751,7.79183673469394,1.76938775510202,2.59285714285713,1.80102040816326,1.71938775510204,0.44183673469388
"KGZ",2010,1.68483943241227,1.62061239731145,1.60642270351011,2.84839432412245,8.39507094846899,1.84615384615387,2.31889469753546,1.50112023898434,1.58700522778195,0.489171023151608
"KGZ",2017,1.36162693034657,1.8679458101557,1.46004325263369,2.68942314625904,9.30050341573907,1.42890212201322,1.65416264989912,1.27528204110957,1.71461410483026,0.260927320973384
"KOR",1981,0,0,0,0,0,0,0,0,0,0
"KOR",1990,0,0,0,0,0,0,0,0,0,0
"KOR",1995,0,0,0,0,0,0,0,0,0,0
"KOR",1999,2.0306406685237,1.7168059424327,2.38068709377899,1.58124419684308,5.55153203342614,2.81615598885793,3.42896935933147,2.07520891364903,1.60631383472609,0.847725162488403
"KOR",2005,2.00747241584988,1.71633861936823,2.12666883777927,1.8870948373689,5.56924426143804,2.80372045654706,3.51894571824662,1.93018069904665,1.48099205899892,0.774352916151902
"KOR",2010,1.95087144002771,1.72820759815573,2.12868869865789,2.03649244309781,5.3665595146048,3.30941584374758,3.35216382312035,1.86373398303012,1.60115463886966,0.783861687165065
"KOR",2017,2.06907630522088,1.67068273092369,2.22891566265062,2.17751004016066,5.03614457831324,3.23212851405626,3.9116465863454,2.09477911646586,1.59116465863454,0.949397590361434
"KWT",2010,0,0,0,0,0,0,0,0,0,0
"LBN",2010,2.01801801801803,1.89752252252255,1.46846846846848,2.44707207207209,8.48423423423431,2.88851351351353,3.00112612612615,1.8310810810811,1.75225225225227,0.11036036036036
"LBN",2017,1.97246127366612,1.90275387263343,1.32271944922549,2.62478485370048,9.19707401032705,2.34165232358004,2.3631669535284,1.58433734939761,1.6660929432014,0.278829604130807
"LBY",2010,1.76894712953102,1.8966173324559,1.21788531090467,2.69375925275094,9.76550628948553,1.80573439754401,1.74969388734906,1.2545537103054,1.74671669400097,-0.789097883832536
"LBY",2017,1.72361809045229,1.90251256281411,1.17587939698494,2.62613065326633,9.9407035175878,1.0884422110553,1.52964824120605,1.1849246231156,1.63316582914576,-0.809045226130663
"LTU",1995,2.4128,1.78080000000002,1.64320000000002,2.0448,6.60000000000001,2.00160000000002,3.98399999999999,2.14080000000001,1.61600000000002,0.6352
"LVA",1995,2.2061855670103,1.72312223858615,2.22238586156111,1.90279823269513,5.580265095729,2.99705449189984,5.29602356406478,2.21649484536082,1.67304860088365,0.543446244477171
"MAC",2017,1.94678492239467,1.56319290465632,2.03325942350334,2.35587583148561,4.03436807095344,5.2350332594235,3.7849223946785,2.02217294900222,1.78492239467849,0.842572062084252
"MAR",1999,0,0,0,0,0,0,0,0,0,0
"MAR",2005,0,0,0,0,0,0,0,0,0,0
"MAR",2010,1.99127182044886,1.87157107231918,1.34289276807979,2.76932668329174,9.85785536159587,1.24688279301744,1.73441396508727,1.40523690773066,1.58229426433913,-0.400249376558603
"MAR",2017,2.05793450881608,1.83627204030222,1.50797649034423,2.31486146095715,9.01259445843835,2.76574307304783,3.62384550797648,1.68261964735513,1.65407220822835,-0.29471032745592
"MDA",1995,2.55415617128461,1.78463476070531,1.43954659949623,2.42443324937026,7.00629722921918,1.89420654911837,3.79345088161207,1.90680100755668,1.47607052896725,0.0188916876574308
"MDA",1999,2.47034147007511,1.85506928142672,1.6384658130826,2.3689864903722,7.24293767214489,2.40376797296933,3.6754189272974,2.22613111037225,1.54386215953667,0.171520452644074
"MDA",2005,2.49942726231385,1.82474226804123,1.68613974799541,2.46391752577319,8.15922107674682,2.28751431844215,3.04925544100801,2.21534936998854,1.66093928980526,0.139747995418099
"MDV",2017,1.85492227979278,1.78549222797931,1.24145077720209,2.03730569948188,9.87150259067361,1.26010362694303,2.5740932642487,1.41243523316064,1.71295336787568,-0.836269430051816
"MEX",1981,1.85837981927762,1.82824078016114,1.37473982413754,2.39538755823395,8.90983263596695,2.0291399599999,2.52376988395665,1.47240030715367,1.80284739355471,-0.518857713626545
"MEX",1990,2.02243902439025,1.67024390243903,1.48292682926829,1.87024390243903,8.11414634146341,2.92390243902439,3.79024390243903,1.54634146341464,1.88,0.0809756097560976
"MEX",1995,1.96302816901408,1.73327464788735,1.41285211267605,1.88204225352114,8.2156690140844,2.90404929577466,2.69014084507043,1.31514084507042,1.96919014084509,-0.130281690140845
"MEX",1999,1.48967104121572,1.78621132388808,1.30032745204026,2.23636358329842,9.39584638338133,3.73773162425126,2.741819438805,1.27694440842298,1.88600595245922,-0.33946771442471
"MEX",2005,1.4951528709918,1.84265473527215,1.17673378076062,2.17076808351977,9.39895600298295,4.51454138702462,3.1126025354213,1.20805369127516,2.02386278896345,-0.175988068605519
"MEX",2010,1.38562434417626,1.87355718782792,1.22455403987406,2.23452256033574,9.36935991605442,4.1799580272822,2.87513116474283,1.21091290661068,2.03515215110177,-0.249737670514166
"MEX",2017,1.48686304166107,1.89331385509754,1.46906457652942,2.44144836611506,8.57716129263754,4.38947629469165,3.29886019121649,1.38131352229544,1.92373709774881,-0.313992680025749
"MKD",1995,2.27694859038144,1.93034825870646,1.57048092868989,2.21061359867331,5.91542288557214,1.7761194029851,5.0530679933665,1.40298507462688,1.59535655058044,0.88557213930348
"MKD",1999,2.07716003766297,1.87186857559872,1.58326093112237,2.03953713231994,7.50154312248061,1.99408143579687,3.81641815096958,1.63650590843482,1.67328761289105,0.71605556438041
"MLI",2005,1.7128987517337,1.80582524271845,1.27877947295423,2.23162274618585,9.2635228848822,2.89875173370319,3.4757281553398,1.10818307905687,1.65742024965326,-0.525658807212205
"MMR",2017,1.82986111111114,1.84982638888893,2.04079861111114,2.73524305555555,9.71961805555541,1.71093750000002,1.41145833333335,1.16145833333336,1.89062500000004,-0.205729166666666
"MNE",1995,2.08029197080292,1.74452554744526,1.5036496350365,2.36496350364964,5.92700729927007,1.91970802919708,4.21167883211679,1.7007299270073,1.59124087591241,0.138686131386861
"MNE",1999,2.25303643724697,1.65384615384616,1.79149797570851,2.03238866396761,6.52834008097168,1.48785425101215,3.92914979757085,2.30161943319839,1.56275303643725,0.412955465587047
"MNG",2017,2.06849707135286,1.74510454052941,1.82078627844098,1.75527729356526,5.41088390374376,3.73695560510066,4.15576943726894,1.79035668858832,1.80880576712167,0.512423615642747
"MYS",2005,1.69126378286682,1.91263782866832,1.52926208651398,2.6174724342663,8.06361323155222,3.01865988125527,2.98218829516537,1.36810856658184,1.74300254452924,0.26972010178117
"MYS",2010,1.47503900156004,1.91575663026518,1.50546021840871,2.85725429017156,9.03120124804992,2.35491419656784,2.11856474258969,1.38845553822151,1.66536661466456,0.230889235569423
"MYS",2017,1.97103658536581,1.80411585365849,1.60365853658533,2.09756097560972,8.46189024390251,3.59070121951223,3.52362804878052,1.95274390243898,1.79573170731703,0.0579268292682927
"NGA",1990,2.02615933412605,1.76575505350775,1.10582639714627,2.53745541022593,9.73721759809755,1.85255648038051,2.77764565992867,1.49346016646851,1.71224732461358,-1.0820451843044
"NGA",1995,1.71356679760219,1.82395501782653,1.21542060648915,2.55154901414161,9.63858158890203,1.54932427679164,1.95744525129575,1.54974298652684,1.6013659997201,-0.838588647219032
"NGA",1999,1.4187035069075,1.73857598299675,1.19447396386819,2.59139213602549,9.62805526036128,1.50106269925607,1.6562167906482,1.38735387885224,1.73751328374064,-0.897980871413368
"NGA",2010,1.63550552114583,1.84980536939205,1.34016177099831,2.59547786067234,9.01609462803132,1.89999321456137,2.05417163132688,1.41806742177846,1.70738669213394,-0.59672432241878
"NGA",2017,1.8906531153922,1.874602734286,1.09756145332956,2.57663292099994,9.45931209927342,1.49531355965134,1.68694493094645,1.44349560796198,1.80036956880656,-0.787429161587953
"NIC",2017,1.66109154929578,1.96654929577469,1.14524647887325,2.5220070422535,9.62940140845049,3.26936619718311,2.0545774647887,1.17253521126761,1.93221830985917,-0.758802816901417
"NIR",2017,1.63063507822041,1.60341467351016,1.49463071400656,1.3212818968319,5.84396670601943,6.48004433460653,4.88736081107958,1.81064164463093,1.97365665206238,0.277212942019917
"NLD",2005,1.61980326851201,1.54085317453655,1.3177307766101,1.70006092523527,4.49842628464552,7.21105371014333,5.59210721157445,1.91155785035606,1.97473453236946,0.560732456332078
"NLD",2010,1.74152823920263,1.29435215946842,1.23189368770762,1.70498338870429,4.28438538205985,8.05249169435227,6.62790697674422,1.96943521594681,1.90764119601325,0.64053156146179
"NLD",2017,1.81036931818185,1.34801136363639,1.33948863636366,1.53267045454548,3.45951704545451,9.13778409090914,7.80255681818184,2.02414772727276,1.89701704545458,0.578835227272733
"NOR",1995,1.74636979670862,1.33494675701839,2.14133591481122,1.43368828654404,4.61665053242983,5.74540174249757,5.56534365924492,1.59632139399806,1.97095837366894,0.868344627299128
"NOR",2005,1.66737739872069,1.25159914712154,2.09168443496803,1.3901918976546,4.07995735607677,7.80810234541575,6.74307036247333,1.57995735607677,2.11727078891258,0.9680170575693
"NZL",1995,1.72408963585434,1.48319327731092,1.59523809523809,1.06862745098039,5.34733893557421,5.03221288515405,5.21008403361343,1.38235294117647,2.14845938375349,0.6078431372549
"NZL",1999,1.62129144851657,1.41884816753926,1.50610820244327,1.10994764397905,5.03141361256545,5.53403141361256,5.40663176265271,1.2914485165794,2.11867364746945,0.739965095986036
"NZL",2010,1.69634703196347,1.36529680365297,1.47716894977169,1.15525114155251,5.00913242009132,6.46575342465752,5.5228310502283,1.42237442922374,1.94748858447488,0.760273972602737
"NZL",2017,1.71705426356589,1.34496124031008,1.64922480620155,1.1608527131783,4.1124031007752,7.89147286821703,7.1065891472868,1.3953488372093,2.06589147286822,0.872093023255815
"PAK",1995,0,0,0,0,0,0,0,0,0,0
"PAK",1999,2.04247910863508,1.70891364902505,1.44080779944288,2.6490250696379,9.99999999999999,1.05710306406684,1.93732590529246,1.22771587743731,1.42061281337046,-0.882311977715868
"PAK",2010,1.73862419200338,1.75886121884075,1.93913980329758,2.34823582311343,9.59414730648237,1.5501346848799,1.49329058935138,1.26214249930612,1.84640682572323,-0.402613521872423
"PAK",2017,1.63735514655763,1.78323108384462,1.88820722563057,2.55282890252215,9.62167689161562,1.50374914792095,1.73278800272668,1.17450579413772,1.86162235855491,-0.623721881390598
"PER",1995,2.09947643979058,1.94450261780103,1.34031413612566,2.13926701570681,8.97905759162313,3.40523560209423,2.31204188481676,1.25340314136126,1.85759162303665,-0.526701570680629
"PER",1999,2.03802281368824,1.89429657794682,1.20684410646389,1.97642585551335,9.17338403041829,2.56958174904941,1.7634980988593,1.30646387832701,1.94448669201525,-0.457794676806082
"PER",2005,0,0,0,0,0,0,0,0,0,0
"PER",2010,1.8688121649893,1.92112499374378,1.2797650433177,2.22831388072745,8.87863359428527,3.73354338849929,2.39065067613867,1.41416046776563,1.83805500130195,-0.371483252560285
"PER",2017,1.8217321408142,1.9588370365024,1.34890332298404,2.31687675056254,9.12704296481463,2.86067161177455,2.24988463173745,1.3546321186039,1.79727301205139,-0.309871685223656
"PHL",1995,1.68434782608698,1.94434782608699,1.33043478260871,2.56956521739131,9.66608695652179,3.75217391304351,2.31130434782611,1.33478260869567,1.70521739130438,-0.268695652173913
"PHL",1999,1.74832610198968,1.91663497571967,1.36249294718921,2.58214221523719,9.58692916882595,3.89149697738577,2.74854851031575,1.15902146341631,1.66253316059775,-0.0140513125204493
"PHL",2010,1.61819743472683,1.96915298083963,1.24735352947209,2.57784075772756,9.48495089084698,4.50308365129555,3.08358307880148,1.17345125449077,1.77715328694716,-0.052832054205106
"PHL",2017,1.56092509919799,1.94645306229336,1.21513125675822,2.45675745453782,9.4406237671115,4.50172442572399,3.02403542844122,1.12641021395542,1.78341261840085,-0.146071487278691
"POL",1995,0,0,0,0,0,0,0,0,0,0
"POL",2005,1.87489708230337,1.80661464338042,1.64807961080773,2.15628224848889,8.69118118351166,3.12267653363489,3.02780758010697,1.40780970080521,1.77015367986433,-0.294085298071153
"POL",2010,1.81534101158729,1.77452179866634,1.62930826979237,2.04339739538517,7.86276512006558,3.58059724313366,3.08254716959669,1.43139800924471,1.83034868724443,-0.108194739353408
"PRI",1995,1.65944881889764,1.94192913385826,1.07775590551181,1.9763779527559,9.7027559055119,2.83562992125989,1.96948818897637,1.15452755905512,2.09842519685039,-0.76771653543307
"PRI",1999,1.5237341772152,1.77531645569621,1.07278481012659,2.16772151898734,9.74367088607584,3.45727848101263,2.0363924050633,1.05696202531646,2.10126582278482,-0.531645569620255
"PRI",2017,1.61555555555553,1.84666666666663,1.14888888888887,2.15999999999999,9.46555555555552,5.54555555555557,2.68444444444444,1.14111111111109,2.02444444444442,-0.328888888888889
"PSE",2010,2.17810026385223,1.8258575197889,1.42348284960421,2.48548812664909,9.71635883905018,1.4036939313984,2.18601583113456,1.36675461741424,1.61609498680737,-0.613456464379947
"QAT",2010,0,0,0,0,0,0,0,0,0,0
"ROU",1995,2.43693693693696,1.82432432432435,1.42905405405407,2.19932432432434,7.88400900900909,2.26238738738741,4.94594594594594,1.69594594594596,1.59009009009011,0.415540540540538
"ROU",2005,2.37262658227844,1.82990506329114,1.24604430379745,2.56803797468352,9.14161392405053,2.12420886075945,3.36234177215185,1.81249999999998,1.58702531645568,-0.178797468354431
"ROU",2010,2.20767315960417,1.92251297958886,1.32861435687797,2.46080281049362,8.90603004430933,2.28157102212881,2.894031270019,1.71907101466004,1.78126371741517,0.0844013857394231
"ROU",2017,2.02602660143905,1.89048902747976,1.41047322863723,2.37028880157485,8.65067920834628,2.22324648706431,2.99109388352046,1.62403355803513,1.80217226833288,0.0526815918594822
"RUS",1990,2.43425324675322,1.61363636363636,1.36444805194803,1.97646103896102,3.93425324675319,1.45292207792204,4.54383116883113,2.1931818181818,1.64285714285713,0.35146103896104
"RUS",1995,2.47586206896553,1.78007662835254,1.43524904214563,2.38237547892721,5.29348659003832,1.81762452107284,4.96704980842909,2.04444444444447,1.47279693486594,0.295785440613026
"RUS",2005,2.22799656713145,1.74782697864166,1.59857740526322,2.59336687997121,6.05395104453487,2.50142301491497,3.96188282281196,1.70612239618206,1.50171074515777,0.435107835560432
"RUS",2010,2.0885366097522,1.71705024943806,1.42062877466142,2.50310205423311,6.68831871373776,2.5552235315654,4.21899499330439,1.90514594305983,1.50372212176492,0.33983185132573
"RUS",2017,2.00516008664444,1.76576829008646,1.57173790656865,2.4065840863523,6.19235201919192,2.67404973480679,4.56456576433541,1.67180826847726,1.52423806731255,0.473555625761459
"RWA",2005,2.03932151117964,1.95373939861217,1.10639938319198,2.60986892829612,9.51272166538162,1.52814186584428,1.74094063222825,1.22513492675406,1.85505011565152,-0.327679259830377
"RWA",2010,1.69888231426695,1.83366206443133,1.37212360289284,2.3576594345825,7.6936226166996,1.49901380670611,2.22287968441814,1.19986850756081,1.48652202498357,-0.370808678500987
"SAU",1999,0,0,0,0,0,0,0,0,0,0
"SGP",1999,1.75933731026833,1.82664903050924,1.54632165933642,2.45130037715355,7.10521533317554,2.54919494507343,2.90857449319786,1.63059243456087,1.80051921996129,0.371834852761482
"SGP",2010,0,0,0,0,0,0,0,0,0,0
"SGP",2017,1.86769941370094,1.65655750580746,1.76474835730096,2.41247414598294,6.71552950730714,3.42109760406091,3.30249477224394,1.56740976911097,1.76714771030686,0.544979775101591
"SLV",1999,0,0,0,0,0,0,0,0,0,0
"SRB",1995,2.14786418400878,1.70646221248633,1.62979189485215,2.24096385542171,5.19386637458926,2.33625410733843,5.14129244249727,1.87185104052576,1.56407447973715,0.42278203723987
"SRB",1999,2.11610486891386,1.81897627965044,1.60674157303371,2.02996254681648,6.02621722846438,2.02746566791511,4.61672908863917,1.91260923845194,1.58801498127341,0.556803995006243
"SRB",2005,2.28965517241377,1.86379310344825,1.48103448275861,1.98103448275861,7.31896551724139,4.85172413793105,4.87758620689656,1.6206896551724,1.54827586206895,0.455172413793104
"SRB",2017,2.02545454545456,1.85575757575759,1.71151515151516,2.03636363636365,6.57212121212117,3.7163636363636,4.40727272727269,1.76606060606062,1.79151515151516,0.366060606060607
"SVK",1990,0,0,0,0,0,0,0,0,0,0
"SVK",1995,2.23514538558788,1.71554993678889,1.64728192161821,1.83312262958282,6.51327433628317,5.38685208596713,4.75600505689002,1.6510745891277,1.63969658659925,-0.0139064475347661
"SVK",2017,2.24857986881895,1.7699115300072,1.55886278700328,1.72752820125243,6.10414405962516,4.93284539807736,4.87084262648827,1.80290033487705,1.69225021773907,0.269836544050674
"SVN",1995,2.14180929095355,1.84718826405869,1.7640586797066,2.1320293398533,5.17848410757945,3.71638141809292,5.59413202933983,1.47799511002444,1.95232273838631,0.722493887530561
"SVN",2005,2.00821917808221,1.81232876712332,1.77534246575344,2.0109589041096,5.32739726027395,5.56849315068491,6.16027397260273,1.53150684931509,1.95479452054797,1.00821917808219
"SVN",2010,1.95467422096317,1.78470254957507,1.67280453257791,2.00141643059491,4.78895184135978,5.46458923512747,6.83852691218126,1.59490084985837,1.8243626062323,0.883852691218133
"SWE",1995,1.63613861386137,1.38366336633662,2.3836633663366,1.31311881188117,3.85396039603956,7.12995049504947,7.34900990099008,1.65965346534652,2.11757425742573,0.741336633663367
"SWE",1999,1.69281263558921,1.31906153436433,1.98720270702243,1.14879854997476,3.99415518958555,7.7049358902508,7.45550825042779,1.71405402596999,2.16920940639467,0.800608068608499
"SWE",2005,1.60646780791039,1.31884416595712,2.33033821763068,1.26075047205868,3.84993862523519,8.44826560162029,7.92151560709368,1.71412881709146,2.18517046232272,1.06129381318741
"SWE",2010,1.64366835631262,1.36275062305488,2.31881292003256,1.34198914410273,3.41005131379451,8.25847898990356,7.9532412730395,1.72440611561092,2.25892964257587,0.906214849566225
"THA",2005,1.67567567567568,1.58281358281359,2.06167706167704,2.78655578655572,7.96049896049898,3.09771309771312,2.47262647262648,1.16285516285516,1.77962577962579,0.0984060984060983
"THA",2010,1.67401267531987,1.69144287854727,1.94222318071721,2.57350156893795,4.15810578707194,2.8313369768831,1.92916871646799,1.17592405573101,1.7425639611848,0.0622292019752076
"THA",2017,1.80627022413128,1.66567801466292,2.23446552014802,2.49176700033768,4.8962837565079,4.05438971258526,2.30499500890584,1.33605682244183,1.85984419791498,0.480387767110812
"TJK",2017,0,0,0,0,0,0,0,0,0,0
"TTO",2005,1.63025769121333,1.9625387337466,1.1121619411951,2.01792100152245,9.67956959108601,1.93223083139699,2.30721309011074,1.11013881843956,1.72366973099479,-0.625265755475005
"TTO",2010,1.59484777517562,1.9672131147541,1.12412177985948,2.00468384074939,9.69203747072595,1.74707259953158,2.18149882903978,1.14168618266978,1.67564402810303,-0.549180327868853
"TUN",2010,2.06451612903228,1.82981090100114,1.22691879866518,2.67074527252501,9.68409343715236,1.15127919911013,2.08787541713013,1.50945494994439,1.28364849833148,-0.271412680756395
"TUN",2017,2.07875894988065,1.86992840095464,1.40692124105011,2.67780429594268,8.77207637231501,1.29832935560858,2.87828162291168,1.45346062052505,1.5143198090692,-0.337708830548927
"TUR",1990,1.92028135990623,1.90152403282534,1.44079718640095,2.31184056271983,8.85932004689338,1.59906213364597,4.33645955451351,1.4208675263775,1.96717467760846,-0.321219226260259
"TUR",1995,0,0,0,0,0,0,0,0,0,0
"TUR",1999,0,0,0,0,0,0,0,0,0,0
"TUR",2005,1.77741835996708,1.95145043223736,1.52571196194942,2.41791676632315,9.42929664369739,1.73800076459048,2.35932256738849,1.22871519597026,1.79791191539559,-0.128426179148197
"TUR",2010,1.80811533491572,1.8684632888237,1.56020297223798,2.49979139327772,9.25542928009487,1.64042442556805,2.20229699528438,1.22265041265719,1.77387132439589,0.0411770474876369
"TUR",2017,1.91404958677682,1.84407713498619,1.73443526170795,2.4049586776859,8.01101928374638,2.04848484848482,2.61046831955919,1.44683195592284,1.80495867768591,-0.0859504132231403
"TWN",1995,1.783570300158,1.609794628752,1.6224328593997,2.39810426540286,5.42654028436022,2.0094786729858,2.94470774091629,2.19273301737759,1.55924170616116,0.612954186413903
"TWN",2005,1.96299160459042,1.75561106651046,2.15241367322255,2.61384106195064,6.11879110654819,3.80680045876571,3.52829972766402,2.36655781806162,1.48902379463094,0.888023179023757
"TWN",2010,1.84260219946756,1.68167589499366,2.22180000800973,2.37426812504388,6.21803175022835,4.81436684289764,3.60723624181156,2.18805294429686,1.62280034050289,0.842203998943671
"TWN",2017,1.85123480421646,1.69138084276071,2.44572314942361,2.2098535402505,6.03375062411309,4.47204194918371,3.34685805063146,2.04400627877548,1.66904246622832,0.815920151785631
"TZA",1999,1.48167539267017,1.92670157068061,1.21361256544503,2.33612565445027,9.65235602094254,1.10680628272251,1.28376963350786,1.25654450261781,1.70052356020942,-0.537172774869112
"UGA",1999,1.93790078139071,1.92197570193142,1.26627376380465,2.16742079886278,9.35380462831881,1.22571259147315,1.73601070017302,1.42847637779488,1.80347638624076,-0.714314359228053
"UKR",1995,2.49851190476193,1.6882440476191,1.40848214285718,2.3482142857143,5.87500000000004,2.12276785714289,4.3095238095238,2.18303571428573,1.50520833333338,0.212053571428571
"UKR",2005,2.19607273350103,1.71406568851914,1.26604836413092,2.57829862425436,7.35574173043098,2.62321813380802,3.90514155052793,1.9981705194406,1.56420218729813,0.163820171323349
"UKR",2010,2.14014238192354,1.74557618649414,1.55209966503566,2.67680261316945,7.26886982132331,2.51060399926218,3.6878972144086,2.0698168156549,1.59377316893131,0.152954319185622
"UKR",2017,2.00457764019261,1.68773527835922,1.82932508380155,2.24018791798084,6.83219214585648,3.02965178969332,4.22714287886844,1.81354464657063,1.60559491185062,0.367552195253879
"URY",1995,2.01958923466214,1.7801107572191,1.51921361312502,1.97017314947083,6.78672823257365,3.93503652848173,3.73442533331212,1.30745967214602,2.06014096806098,0.446381196042165
"URY",2005,1.82869692532943,1.7276720351391,1.41142020497804,2.07027818448023,7.44509516837484,5.62957540263541,4.43484626647144,1.26939970717423,2.09516837481699,0.292825768667643
"URY",2010,1.77414075286416,1.84451718494271,1.37806873977087,2.20785597381343,6.63993453355153,6.42225859247133,4.05728314238953,1.52700490998364,2.04909983633388,0.242225859247136
"URY",2017,1.63465946126741,1.8374037879736,1.26951026013993,1.89176080283678,6.31766356080098,6.75871190430866,4.76549125063169,1.38185874721315,2.02712757337048,0.36176471696048
"USA",1995,1.56306715680181,1.62355147479172,1.26916993159174,1.33220991767338,8.20942625897949,3.71544868069658,3.90414633562968,1.21888130519937,2.13250244968716,-0.0557451846207599
"USA",1999,1.67055305893046,1.63458143610757,1.35550877387309,1.20473635563874,8.48104304255425,4.77215367422772,4.41782609144132,1.3226242391924,2.16141749798836,0.21776635037022
"USA",2005,1.73274010382041,1.59820800467289,1.47030347927875,1.34169483566392,8.23986938892374,4.5800943389131,4.49003660242473,1.43136529766997,1.96737255016641,0.166385014097863
"USA",2010,1.75668600431467,1.63575979938232,1.50945275624051,1.43967704959881,7.72124254816476,5.457411291251,4.84618310867291,1.51831236892027,1.93922906353393,0.202169353748817
"USA",2017,1.84665679998127,1.6217400238935,1.52526912679477,1.46397931201194,7.04114376108776,6.24642285737201,4.89744511270035,1.77767790292171,2.10531526921961,0.432117775768699
"UZB",2010,0,0,0,0,0,0,0,0,0,0
"UZB",2017,0,0,0,0,0,0,0,0,0,0
"VEN",1995,1.51053639846742,1.86398467432951,1.15900383141762,2.2193486590038,9.22509578544062,1.94636015325667,2.24521072796933,1.07854406130268,1.8199233716475,-0.507662835249044
"VEN",1999,1.56300997280146,1.83680870353585,1.13417951042613,2.02357207615598,9.55485040797829,2.43427017225749,1.98368087035358,1.09066183136901,1.90117860380783,-0.0543970988213961
"VEN",2017,1.86960203217612,1.85774767146489,1.25571549534293,2.35986452159187,9.11007620660459,4.17950889077055,2.83996613039795,1.29974597798476,1.75698560541915,-0.408128704487724
"VNM",1999,1.54605263157892,1.60131578947366,1.15131578947366,2.39999999999998,5.18289473684213,1.64605263157892,2.36184210526314,1.20526315789472,1.86842105263155,0.476315789473685
"VNM",2005,1.81578947368417,1.48217317487263,1.1171477079796,2.69100169779285,4.88030560271649,1.8285229202037,2.40577249575549,1.14431239388792,1.77589134125633,0.842105263157892
"VNM",2017,1.5525,1.72333333333335,1.1725,2.71666666666662,6.02750000000003,5.64250000000001,4.1675,1.46,1.90083333333333,0.265833333333333
"YEM",2010,2.068669527897,1.59227467811159,1.16094420600859,2.65236051502146,9.84334763948501,1.53648068669527,2.21888412017167,1.22317596566524,1.34978540772532,-0.832618025751072
"ZAF",1981,1.91906283280088,1.71139510117149,1.37593184238554,2.16613418530353,8.45580404685841,2.20021299254527,2.9787007454739,1.8083067092652,1.75612353567628,-0.337593184238551
"ZAF",1990,2.14399273027895,1.69767535929059,1.18493368325108,2.02616242800127,9.05783677417702,2.33655540636473,2.86143937717714,1.44515898459545,1.71417162346535,-0.482665039471512
"ZAF",1995,1.9242810271425,1.81108033121093,1.24957216751555,2.28893187739357,9.16750009744589,2.55107291688061,2.44578574706347,1.20413703962701,1.63043683668195,-0.493702647695925
"ZAF",1999,1.85560510958914,1.87967295666958,1.29232511988326,2.10765114976643,9.08384243487422,3.17579255859018,3.05301027833532,1.32290424604885,1.69832788216228,-0.0917014225567673
"ZAF",2005,0,0,0,0,0,0,0,0,0,0
"ZAF",2010,1.87592706609553,1.75681517195829,1.55881367555019,2.33646384865641,8.04098149615792,4.31041130360898,4.12643116486059,1.4740220320478,1.75069331093729,0.20033471063176
"ZMB",2005,2.2366273798731,1.88576609247511,1.43336355394379,2.34179510426114,9.21305530371717,2.59383499546695,3.16047144152317,1.4777878513146,1.82139619220311,-0.359927470534904
"ZWE",1999,2.32206582832536,1.88575166039047,1.10928667364386,2.56418199336585,9.5727023137814,1.1017308220042,1.27116882497719,1.31653181511986,1.63787476793577,-0.827460474761163
"ZWE",2010,1.8436984987245,1.91944057949592,1.33964794221561,2.45386807346838,9.58258683422348,1.81995555946257,2.07197841640249,1.28482991980675,1.67417238293064,-0.413161539275368
"ZWE",2017,2.45794392523365,1.97960917587088,1.17332200509772,2.55904842820731,9.82922684791832,1.69923534409518,1.75700934579441,1.60577740016994,1.68054375531013,-0.482582837723024
